"kingdom","phylum","class","order","family","type"
"Bacteria","Cyanobacteria","Cyanobacteriia","Cyanobacteriales","Aerosakkonemataceae","Cyanobacteria"
"Bacteria","Cyanobacteria","Cyanobacteriia","Cyanobacteriales","Capsosiraceae","Cyanobacteria"
"Bacteria","Cyanobacteria","Cyanobacteriia","Cyanobacteriales","Geitleriaceae","Cyanobacteria"
"Bacteria","Cyanobacteria","Cyanobacteriia","Cyanobacteriales","Girvanellaceae","Cyanobacteria"
"Bacteria","Cyanobacteria","Cyanobacteriia","Leptolyngbyales","Trichocoleusaceae","Cyanobacteria"
"Bacteria","Cyanobacteria","Cyanophyceae","Chroococcales","Merismopediaceae","Cyanobacteria"
"Bacteria","Cyanobacteria","Cyanophyceae","Chroococcales","Microcystaceae","Cyanobacteria"
"Bacteria","Cyanobacteria","Cyanophyceae","Nostocales","Aphanizomenonaceae","Cyanobacteria"
"Bacteria","Cyanobacteria","Cyanophyceae","Nostocales","Chlorogloeopsidaceae","Cyanobacteria"
"Bacteria","Cyanobacteria","Cyanophyceae","Nostocales","Hapalosiphonaceae","Cyanobacteria"
"Bacteria","Cyanobacteria","Cyanophyceae","Nostocales","Microchaetaceae","Cyanobacteria"
"Bacteria","Cyanobacteria","Cyanophyceae","Nostocales","Nostocaceae","Cyanobacteria"
"Bacteria","Cyanobacteria","Cyanophyceae","Nostocales","Rivulariaceae","Cyanobacteria"
"Bacteria","Cyanobacteria","Cyanophyceae","Nostocales","Scytonemataceae","Cyanobacteria"
"Bacteria","Cyanobacteria","Cyanophyceae","Nostocales","Stigonemataceae","Cyanobacteria"
"Bacteria","Cyanobacteria","Cyanophyceae","Nostocales","Symphyonemataceae","Cyanobacteria"
"Bacteria","Cyanobacteria","Cyanophyceae","Nostocales","Tolypothrichaceae","Cyanobacteria"
"Bacteria","Cyanobacteria","Cyanophyceae","Oscillatoriales","Borziaceae","Cyanobacteria"
"Bacteria","Cyanobacteria","Cyanophyceae","Oscillatoriales","Coleofasciculaceae","Cyanobacteria"
"Bacteria","Cyanobacteria","Cyanophyceae","Oscillatoriales","Homoeotrichaceae","Cyanobacteria"
"Bacteria","Cyanobacteria","Cyanophyceae","Oscillatoriales","Microcoleaceae","Cyanobacteria"
"Bacteria","Cyanobacteria","Cyanophyceae","Oscillatoriales","Oscillatoriaceae","Cyanobacteria"
"Bacteria","Cyanobacteria","Cyanophyceae","Oscillatoriales","Phormidiaceae","Cyanobacteria"
"Bacteria","Cyanobacteria","Cyanophyceae","Oscillatoriales","Pseudanabaenaceae","Cyanobacteria"
"Bacteria","Cyanobacteria","Cyanophyceae","Oscillatoriales","Schizotrichaceae","Cyanobacteria"
"Bacteria","Cyanobacteria","Cyanophyceae","Spirulinales","Spirulinaceae","Cyanobacteria"
"Bacteria","Cyanobacteria","Cyanophyceae","Synechococcales","Leptolyngbyaceae","Cyanobacteria"
"Chromista","Ochrophyta","Phaeophyceae","Asterocladales","Asterocladaceae","brown algae"
"Chromista","Ochrophyta","Phaeophyceae","Chordales","Chordaceae","brown algae"
"Chromista","Ochrophyta","Phaeophyceae","Desmarestiales","Arthrocladiaceae","brown algae"
"Chromista","Ochrophyta","Phaeophyceae","Desmarestiales","Desmarestiaceae","brown algae"
"Chromista","Ochrophyta","Phaeophyceae","Dictyotales","Dictyotaceae","brown algae"
"Chromista","Ochrophyta","Phaeophyceae","Discosporangiales","Choristocarpaceae","brown algae"
"Chromista","Ochrophyta","Phaeophyceae","Discosporangiales","Discosporangiaceae","brown algae"
"Chromista","Ochrophyta","Phaeophyceae","Ectocarpales","Acinetosporaceae","brown algae"
"Chromista","Ochrophyta","Phaeophyceae","Ectocarpales","Adenocystaceae","brown algae"
"Chromista","Ochrophyta","Phaeophyceae","Ectocarpales","Chordariaceae","brown algae"
"Chromista","Ochrophyta","Phaeophyceae","Ectocarpales","Ectocarpaceae","brown algae"
"Chromista","Ochrophyta","Phaeophyceae","Ectocarpales","Petrospongiaceae","brown algae"
"Chromista","Ochrophyta","Phaeophyceae","Ectocarpales","Scytosiphonaceae","brown algae"
"Chromista","Ochrophyta","Phaeophyceae","Fucales","Fucaceae","brown algae"
"Chromista","Ochrophyta","Phaeophyceae","Fucales","Himanthaliaceae","brown algae"
"Chromista","Ochrophyta","Phaeophyceae","Fucales","Notheiaceae","brown algae"
"Chromista","Ochrophyta","Phaeophyceae","Fucales","Sargassaceae","brown algae"
"Chromista","Ochrophyta","Phaeophyceae","Fucales","Xiphophoraceae","brown algae"
"Chromista","Ochrophyta","Phaeophyceae","Ishigeales","Ishigeaceae","brown algae"
"Chromista","Ochrophyta","Phaeophyceae","Ishigeales","Petrodermataceae","brown algae"
"Chromista","Ochrophyta","Phaeophyceae","Ishigeales","Piliniaceae","brown algae"
"Chromista","Ochrophyta","Phaeophyceae","Laminariales","Agaraceae","brown algae"
"Chromista","Ochrophyta","Phaeophyceae","Laminariales","Alariaceae","brown algae"
"Chromista","Ochrophyta","Phaeophyceae","Laminariales","Costariaceae","brown algae"
"Chromista","Ochrophyta","Phaeophyceae","Laminariales","Laminariaceae","brown algae"
"Chromista","Ochrophyta","Phaeophyceae","Laminariales","Lessoniaceae","brown algae"
"Chromista","Ochrophyta","Phaeophyceae","Nemodermatales","Nemodermataceae","brown algae"
"Chromista","Ochrophyta","Phaeophyceae","Onslowiales","Onslowiaceae","brown algae"
"Chromista","Ochrophyta","Phaeophyceae","Ralfsiales","Hapalospongidiaceae","brown algae"
"Chromista","Ochrophyta","Phaeophyceae","Ralfsiales","Neoralfsiaceae","brown algae"
"Chromista","Ochrophyta","Phaeophyceae","Ralfsiales","Pseudoralfsiaceae","brown algae"
"Chromista","Ochrophyta","Phaeophyceae","Ralfsiales","Ralfsiaceae","brown algae"
"Chromista","Ochrophyta","Phaeophyceae","Scytothamnales","Asteronemataceae","brown algae"
"Chromista","Ochrophyta","Phaeophyceae","Scytothamnales","Bachelotiaceae","brown algae"
"Chromista","Ochrophyta","Phaeophyceae","Scytothamnales","Splachnidiaceae","brown algae"
"Chromista","Ochrophyta","Phaeophyceae","Sphacelariales","Cladostephaceae","brown algae"
"Chromista","Ochrophyta","Phaeophyceae","Sphacelariales","Lithodermataceae","brown algae"
"Chromista","Ochrophyta","Phaeophyceae","Sphacelariales","Phaeostrophiaceae","brown algae"
"Chromista","Ochrophyta","Phaeophyceae","Sphacelariales","Sphacelariaceae","brown algae"
"Chromista","Ochrophyta","Phaeophyceae","Sphacelariales","Sphacelodermaceae","brown algae"
"Chromista","Ochrophyta","Phaeophyceae","Sphacelariales","Stypocaulaceae","brown algae"
"Chromista","Ochrophyta","Phaeophyceae","Sporochnales","Sporochnaceae","brown algae"
"Chromista","Ochrophyta","Phaeophyceae","Stschapoviales","Halosiphonaceae","brown algae"
"Chromista","Ochrophyta","Phaeophyceae","Syringodermatales","Syringodermataceae","brown algae"
"Chromista","Ochrophyta","Phaeophyceae","Tilopteridales","Cutleriaceae","brown algae"
"Chromista","Ochrophyta","Phaeophyceae","Tilopteridales","Phyllariaceae","brown algae"
"Chromista","Ochrophyta","Phaeophyceae","Tilopteridales","Tilopteridaceae","brown algae"
"Chromista","Ochrophyta","Xanthophyceae","Botrydiales","Botrydiaceae","yellow-green algae"
"Chromista","Ochrophyta","Xanthophyceae","Mischococcales","Pleurochloridaceae","yellow-green algae"
"Chromista","Ochrophyta","Xanthophyceae","Vaucheriales","Vaucheriaceae","yellow-green algae"
"Fungi","Ascomycota","","","Aphanopsidaceae","lichen"
"Fungi","Ascomycota","","","Harpidiaceae","lichen"
"Fungi","Ascomycota","","","Strangosporaceae","lichen"
"Fungi","Ascomycota","","Thelocarpales","Thelocarpaceae","lichen"
"Fungi","Ascomycota","Arthoniomycetes","Arthoniales","Andreiomycetaceae","lichen"
"Fungi","Ascomycota","Arthoniomycetes","Arthoniales","Arthoniaceae","lichen"
"Fungi","Ascomycota","Arthoniomycetes","Arthoniales","Chrysotrichaceae","lichen"
"Fungi","Ascomycota","Arthoniomycetes","Arthoniales","Lecanographaceae","lichen"
"Fungi","Ascomycota","Arthoniomycetes","Arthoniales","Opegraphaceae","lichen"
"Fungi","Ascomycota","Arthoniomycetes","Arthoniales","Roccellaceae","lichen"
"Fungi","Ascomycota","Arthoniomycetes","Arthoniales","Roccellographaceae","lichen"
"Fungi","Ascomycota","Dothideomycetes","","Pyrenidiaceae","lichen"
"Fungi","Ascomycota","Dothideomycetes","Monoblastiales","Monoblastiaceae","lichen"
"Fungi","Ascomycota","Dothideomycetes","Strigulales","Strigulaceae","lichen"
"Fungi","Ascomycota","Dothideomycetes","Trypetheliales","Trypetheliaceae","lichen"
"Fungi","Ascomycota","Eurotiomycetes","Chaetothyriales","Pyrenothricaceae","lichen"
"Fungi","Ascomycota","Eurotiomycetes","Pyrenulales","Pyrenulaceae","lichen"
"Fungi","Ascomycota","Eurotiomycetes","Sclerococcales","Dactylosporaceae","lichen"
"Fungi","Ascomycota","Eurotiomycetes","Verrucariales","Verrucariaceae","lichen"
"Fungi","Ascomycota","Lecanoromycetes","","Arthrorhaphidaceae","lichen"
"Fungi","Ascomycota","Lecanoromycetes","Acarosporales","Acarosporaceae","lichen"
"Fungi","Ascomycota","Lecanoromycetes","Arctomiales","Arctomiaceae","lichen"
"Fungi","Ascomycota","Lecanoromycetes","Baeomycetales","Baeomycetaceae","lichen"
"Fungi","Ascomycota","Lecanoromycetes","Caliciales","Caliciaceae","lichen"
"Fungi","Ascomycota","Lecanoromycetes","Caliciales","Physciaceae","lichen"
"Fungi","Ascomycota","Lecanoromycetes","Hymeneliales","Hymeneliaceae","lichen"
"Fungi","Ascomycota","Lecanoromycetes","Lecanorales","Biatorellaceae","lichen"
"Fungi","Ascomycota","Lecanoromycetes","Lecanorales","Byssolomataceae","lichen"
"Fungi","Ascomycota","Lecanoromycetes","Lecanorales","Carbonicolaceae","lichen"
"Fungi","Ascomycota","Lecanoromycetes","Lecanorales","Catillariaceae","lichen"
"Fungi","Ascomycota","Lecanoromycetes","Lecanorales","Cladoniaceae","lichen"
"Fungi","Ascomycota","Lecanoromycetes","Lecanorales","Gypsoplacaceae","lichen"
"Fungi","Ascomycota","Lecanoromycetes","Lecanorales","Haematommataceae","lichen"
"Fungi","Ascomycota","Lecanoromycetes","Lecanorales","Lecanoraceae","lichen"
"Fungi","Ascomycota","Lecanoromycetes","Lecanorales","Malmideaceae","lichen"
"Fungi","Ascomycota","Lecanoromycetes","Lecanorales","Parmeliaceae","lichen"
"Fungi","Ascomycota","Lecanoromycetes","Lecanorales","Pilocarpaceae","lichen"
"Fungi","Ascomycota","Lecanoromycetes","Lecanorales","Psilolechiaceae","lichen"
"Fungi","Ascomycota","Lecanoromycetes","Lecanorales","Psoraceae","lichen"
"Fungi","Ascomycota","Lecanoromycetes","Lecanorales","Ramalinaceae","lichen"
"Fungi","Ascomycota","Lecanoromycetes","Lecanorales","Ramboldiaceae","lichen"
"Fungi","Ascomycota","Lecanoromycetes","Lecanorales","Scoliciosporaceae","lichen"
"Fungi","Ascomycota","Lecanoromycetes","Lecanorales","Sphaerophoraceae","lichen"
"Fungi","Ascomycota","Lecanoromycetes","Lecanorales","Squamarinaceae","lichen"
"Fungi","Ascomycota","Lecanoromycetes","Lecanorales","Stereocaulaceae","lichen"
"Fungi","Ascomycota","Lecanoromycetes","Lecanorales","Tephromelataceae","lichen"
"Fungi","Ascomycota","Lecanoromycetes","Lecideales","Lecideaceae","lichen"
"Fungi","Ascomycota","Lecanoromycetes","Lecideales","Lopadiaceae","lichen"
"Fungi","Ascomycota","Lecanoromycetes","Leprocaulales","Leprocaulaceae","lichen"
"Fungi","Ascomycota","Lecanoromycetes","Ostropales","Coenogoniaceae","lichen"
"Fungi","Ascomycota","Lecanoromycetes","Ostropales","Gomphillaceae","lichen"
"Fungi","Ascomycota","Lecanoromycetes","Ostropales","Graphidaceae","lichen"
"Fungi","Ascomycota","Lecanoromycetes","Ostropales","Gyalectaceae","lichen"
"Fungi","Ascomycota","Lecanoromycetes","Ostropales","Myeloconidiaceae","lichen"
"Fungi","Ascomycota","Lecanoromycetes","Ostropales","Odontotremataceae","lichen"
"Fungi","Ascomycota","Lecanoromycetes","Ostropales","Phlyctidaceae","lichen"
"Fungi","Ascomycota","Lecanoromycetes","Ostropales","Porinaceae","lichen"
"Fungi","Ascomycota","Lecanoromycetes","Ostropales","Protothelenellaceae","lichen"
"Fungi","Ascomycota","Lecanoromycetes","Ostropales","Redonographaceae","lichen"
"Fungi","Ascomycota","Lecanoromycetes","Ostropales","Sagiolechiaceae","lichen"
"Fungi","Ascomycota","Lecanoromycetes","Ostropales","Spirographaceae","lichen"
"Fungi","Ascomycota","Lecanoromycetes","Ostropales","Stictidaceae","lichen"
"Fungi","Ascomycota","Lecanoromycetes","Ostropales","Thelenellaceae","lichen"
"Fungi","Ascomycota","Lecanoromycetes","Ostropales","Thrombiaceae","lichen"
"Fungi","Ascomycota","Lecanoromycetes","Peltigerales","Coccocarpiaceae","lichen"
"Fungi","Ascomycota","Lecanoromycetes","Peltigerales","Collemataceae","lichen"
"Fungi","Ascomycota","Lecanoromycetes","Peltigerales","Koerberiaceae","lichen"
"Fungi","Ascomycota","Lecanoromycetes","Peltigerales","Lobariaceae","lichen"
"Fungi","Ascomycota","Lecanoromycetes","Peltigerales","Massalongiaceae","lichen"
"Fungi","Ascomycota","Lecanoromycetes","Peltigerales","Nephromataceae","lichen"
"Fungi","Ascomycota","Lecanoromycetes","Peltigerales","Pannariaceae","lichen"
"Fungi","Ascomycota","Lecanoromycetes","Peltigerales","Peltigeraceae","lichen"
"Fungi","Ascomycota","Lecanoromycetes","Peltigerales","Placynthiaceae","lichen"
"Fungi","Ascomycota","Lecanoromycetes","Peltigerales","Vahliellaceae","lichen"
"Fungi","Ascomycota","Lecanoromycetes","Pertusariales","Agyriaceae","lichen"
"Fungi","Ascomycota","Lecanoromycetes","Pertusariales","Coccotremataceae","lichen"
"Fungi","Ascomycota","Lecanoromycetes","Pertusariales","Icmadophilaceae","lichen"
"Fungi","Ascomycota","Lecanoromycetes","Pertusariales","Megasporaceae","lichen"
"Fungi","Ascomycota","Lecanoromycetes","Pertusariales","Microcaliciaceae","lichen"
"Fungi","Ascomycota","Lecanoromycetes","Pertusariales","Ochrolechiaceae","lichen"
"Fungi","Ascomycota","Lecanoromycetes","Pertusariales","Pertusariaceae","lichen"
"Fungi","Ascomycota","Lecanoromycetes","Rhizocarpales","Rhizocarpaceae","lichen"
"Fungi","Ascomycota","Lecanoromycetes","Rhizocarpales","Sporastatiaceae","lichen"
"Fungi","Ascomycota","Lecanoromycetes","Sarrameanales","Sarrameanaceae","lichen"
"Fungi","Ascomycota","Lecanoromycetes","Sarrameanales","Schaereriaceae","lichen"
"Fungi","Ascomycota","Lecanoromycetes","Teloschistales","Brigantiaeaceae","lichen"
"Fungi","Ascomycota","Lecanoromycetes","Teloschistales","Megalosporaceae","lichen"
"Fungi","Ascomycota","Lecanoromycetes","Teloschistales","Teloschistaceae","lichen"
"Fungi","Ascomycota","Lecanoromycetes","Trapeliales","Trapeliaceae","lichen"
"Fungi","Ascomycota","Lecanoromycetes","Trapeliales","Xylographaceae","lichen"
"Fungi","Ascomycota","Lecanoromycetes","Umbilicariales","Elixiaceae","lichen"
"Fungi","Ascomycota","Lecanoromycetes","Umbilicariales","Fuscideaceae","lichen"
"Fungi","Ascomycota","Lecanoromycetes","Umbilicariales","Ophioparmaceae","lichen"
"Fungi","Ascomycota","Lecanoromycetes","Umbilicariales","Ropalosporaceae","lichen"
"Fungi","Ascomycota","Lecanoromycetes","Umbilicariales","Umbilicariaceae","lichen"
"Fungi","Ascomycota","Lichinomycetes","Candelariales","Candelariaceae","lichen"
"Fungi","Ascomycota","Lichinomycetes","Candelariales","Pycnoraceae","lichen"
"Fungi","Ascomycota","Lichinomycetes","Coniocybales","Coniocybaceae","lichen"
"Fungi","Ascomycota","Lichinomycetes","Lichinales","Gloeoheppiaceae","lichen"
"Fungi","Ascomycota","Lichinomycetes","Lichinales","Lichinaceae","lichen"
"Fungi","Ascomycota","Lichinomycetes","Lichinales","Peltulaceae","lichen"
"Fungi","Ascomycota","Lichinomycetes","Vezdaeales","Vezdaeaceae","lichen"
"Plantae","Anthocerotophyta","Anthocerotopsida","Anthocerotales","Anthocerotaceae","bryophyte"
"Plantae","Anthocerotophyta","Anthocerotopsida","Dendrocerotales","Dendrocerotaceae","bryophyte"
"Plantae","Anthocerotophyta","Anthocerotopsida","Notothyladales","Notothyladaceae","bryophyte"
"Plantae","Anthocerotophyta","Anthocerotopsida","Phymatocerotales","Phymatocerotaceae","bryophyte"
"Plantae","Anthocerotophyta","Leiosporocerotopsida","Leiosporocerotales","Leiosporocerotaceae","bryophyte"
"Plantae","Bryophyta","Andreaeopsida","Andreaeales","Andreaeaceae","bryophyte"
"Plantae","Bryophyta","Andreaeopsida","Andreaeobryales","Andreaeobryaceae","bryophyte"
"Plantae","Bryophyta","Bryopsida","Aulacomniales","Aulacomniaceae","bryophyte"
"Plantae","Bryophyta","Bryopsida","Bartramiales","Bartramiaceae","bryophyte"
"Plantae","Bryophyta","Bryopsida","Bryales","Bryaceae","bryophyte"
"Plantae","Bryophyta","Bryopsida","Bryales","Leptostomaceae","bryophyte"
"Plantae","Bryophyta","Bryopsida","Bryales","Mniaceae","bryophyte"
"Plantae","Bryophyta","Bryopsida","Bryales","Orthodontiaceae","bryophyte"
"Plantae","Bryophyta","Bryopsida","Bryales","Phyllodrepaniaceae","bryophyte"
"Plantae","Bryophyta","Bryopsida","Bryales","Pseudoditrichaceae","bryophyte"
"Plantae","Bryophyta","Bryopsida","Bryales","Pulchrinodaceae","bryophyte"
"Plantae","Bryophyta","Bryopsida","Buxbaumiales","Buxbaumiaceae","bryophyte"
"Plantae","Bryophyta","Bryopsida","Catoscopiales","Catoscopiaceae","bryophyte"
"Plantae","Bryophyta","Bryopsida","Dicranales","Amphidiaceae","bryophyte"
"Plantae","Bryophyta","Bryopsida","Dicranales","Aongstroemiaceae","bryophyte"
"Plantae","Bryophyta","Bryopsida","Dicranales","Archidiaceae","bryophyte"
"Plantae","Bryophyta","Bryopsida","Dicranales","Bruchiaceae","bryophyte"
"Plantae","Bryophyta","Bryopsida","Dicranales","Bryoxiphiaceae","bryophyte"
"Plantae","Bryophyta","Bryopsida","Dicranales","Calymperaceae","bryophyte"
"Plantae","Bryophyta","Bryopsida","Dicranales","Dicnemonaceae","bryophyte"
"Plantae","Bryophyta","Bryopsida","Dicranales","Dicranaceae","bryophyte"
"Plantae","Bryophyta","Bryopsida","Dicranales","Dicranellaceae","bryophyte"
"Plantae","Bryophyta","Bryopsida","Dicranales","Distichiaceae","bryophyte"
"Plantae","Bryophyta","Bryopsida","Dicranales","Ditrichaceae","bryophyte"
"Plantae","Bryophyta","Bryopsida","Dicranales","Eustichiaceae","bryophyte"
"Plantae","Bryophyta","Bryopsida","Dicranales","Fissidentaceae","bryophyte"
"Plantae","Bryophyta","Bryopsida","Dicranales","Flexitrichaceae","bryophyte"
"Plantae","Bryophyta","Bryopsida","Dicranales","Hymenolomataceae","bryophyte"
"Plantae","Bryophyta","Bryopsida","Dicranales","Leucobryaceae","bryophyte"
"Plantae","Bryophyta","Bryopsida","Dicranales","Micromitriaceae","bryophyte"
"Plantae","Bryophyta","Bryopsida","Dicranales","Octoblepharaceae","bryophyte"
"Plantae","Bryophyta","Bryopsida","Dicranales","Rhabdoweisiaceae","bryophyte"
"Plantae","Bryophyta","Bryopsida","Dicranales","Schistostegaceae","bryophyte"
"Plantae","Bryophyta","Bryopsida","Dicranales","Viridivelleraceae","bryophyte"
"Plantae","Bryophyta","Bryopsida","Diphysciales","Diphysciaceae","bryophyte"
"Plantae","Bryophyta","Bryopsida","Encalyptales","Encalyptaceae","bryophyte"
"Plantae","Bryophyta","Bryopsida","Funariales","Disceliaceae","bryophyte"
"Plantae","Bryophyta","Bryopsida","Funariales","Funariaceae","bryophyte"
"Plantae","Bryophyta","Bryopsida","Gigaspermales","Gigaspermaceae","bryophyte"
"Plantae","Bryophyta","Bryopsida","Grimmiales","Grimmiaceae","bryophyte"
"Plantae","Bryophyta","Bryopsida","Grimmiales","Ptychomitriaceae","bryophyte"
"Plantae","Bryophyta","Bryopsida","Grimmiales","Saelaniaceae","bryophyte"
"Plantae","Bryophyta","Bryopsida","Grimmiales","Scouleriaceae","bryophyte"
"Plantae","Bryophyta","Bryopsida","Grimmiales","Seligeriaceae","bryophyte"
"Plantae","Bryophyta","Bryopsida","Hedwigiales","Hedwigiaceae","bryophyte"
"Plantae","Bryophyta","Bryopsida","Hedwigiales","Rhacocarpaceae","bryophyte"
"Plantae","Bryophyta","Bryopsida","Hookeriales","Calyptrochaetaceae","bryophyte"
"Plantae","Bryophyta","Bryopsida","Hookeriales","Daltoniaceae","bryophyte"
"Plantae","Bryophyta","Bryopsida","Hookeriales","Hookeriaceae","bryophyte"
"Plantae","Bryophyta","Bryopsida","Hookeriales","Leucomiaceae","bryophyte"
"Plantae","Bryophyta","Bryopsida","Hookeriales","Pilotrichaceae","bryophyte"
"Plantae","Bryophyta","Bryopsida","Hookeriales","Saulomataceae","bryophyte"
"Plantae","Bryophyta","Bryopsida","Hookeriales","Schimperobryaceae","bryophyte"
"Plantae","Bryophyta","Bryopsida","Hookeriales","Symphyodontaceae","bryophyte"
"Plantae","Bryophyta","Bryopsida","Hypnales","Acrocladiaceae","bryophyte"
"Plantae","Bryophyta","Bryopsida","Hypnales","Amblystegiaceae","bryophyte"
"Plantae","Bryophyta","Bryopsida","Hypnales","Anomodontaceae","bryophyte"
"Plantae","Bryophyta","Bryopsida","Hypnales","Antitrichiaceae","bryophyte"
"Plantae","Bryophyta","Bryopsida","Hypnales","Brachytheciaceae","bryophyte"
"Plantae","Bryophyta","Bryopsida","Hypnales","Calliergonaceae","bryophyte"
"Plantae","Bryophyta","Bryopsida","Hypnales","Catagoniaceae","bryophyte"
"Plantae","Bryophyta","Bryopsida","Hypnales","Climaciaceae","bryophyte"
"Plantae","Bryophyta","Bryopsida","Hypnales","Cryphaeaceae","bryophyte"
"Plantae","Bryophyta","Bryopsida","Hypnales","Echinodiaceae","bryophyte"
"Plantae","Bryophyta","Bryopsida","Hypnales","Entodontaceae","bryophyte"
"Plantae","Bryophyta","Bryopsida","Hypnales","Fabroniaceae","bryophyte"
"Plantae","Bryophyta","Bryopsida","Hypnales","Fontinalaceae","bryophyte"
"Plantae","Bryophyta","Bryopsida","Hypnales","Habrodontaceae","bryophyte"
"Plantae","Bryophyta","Bryopsida","Hypnales","Helodiaceae","bryophyte"
"Plantae","Bryophyta","Bryopsida","Hypnales","Heterocladiellaceae","bryophyte"
"Plantae","Bryophyta","Bryopsida","Hypnales","Hylocomiaceae","bryophyte"
"Plantae","Bryophyta","Bryopsida","Hypnales","Hypnaceae","bryophyte"
"Plantae","Bryophyta","Bryopsida","Hypnales","Jocheniaceae","bryophyte"
"Plantae","Bryophyta","Bryopsida","Hypnales","Lembophyllaceae","bryophyte"
"Plantae","Bryophyta","Bryopsida","Hypnales","Leptodontaceae","bryophyte"
"Plantae","Bryophyta","Bryopsida","Hypnales","Leskeaceae","bryophyte"
"Plantae","Bryophyta","Bryopsida","Hypnales","Leucodontaceae","bryophyte"
"Plantae","Bryophyta","Bryopsida","Hypnales","Meteoriaceae","bryophyte"
"Plantae","Bryophyta","Bryopsida","Hypnales","Microtheciellaceae","bryophyte"
"Plantae","Bryophyta","Bryopsida","Hypnales","Myriniaceae","bryophyte"
"Plantae","Bryophyta","Bryopsida","Hypnales","Myuriaceae","bryophyte"
"Plantae","Bryophyta","Bryopsida","Hypnales","Neckeraceae","bryophyte"
"Plantae","Bryophyta","Bryopsida","Hypnales","Orthorrhynchiaceae","bryophyte"
"Plantae","Bryophyta","Bryopsida","Hypnales","Orthostichellaceae","bryophyte"
"Plantae","Bryophyta","Bryopsida","Hypnales","Plagiotheciaceae","bryophyte"
"Plantae","Bryophyta","Bryopsida","Hypnales","Pleuroziopsaceae","bryophyte"
"Plantae","Bryophyta","Bryopsida","Hypnales","Pseudoleskeaceae","bryophyte"
"Plantae","Bryophyta","Bryopsida","Hypnales","Pseudoleskeellaceae","bryophyte"
"Plantae","Bryophyta","Bryopsida","Hypnales","Pterigynandraceae","bryophyte"
"Plantae","Bryophyta","Bryopsida","Hypnales","Pterobryaceae","bryophyte"
"Plantae","Bryophyta","Bryopsida","Hypnales","Pylaisiaceae","bryophyte"
"Plantae","Bryophyta","Bryopsida","Hypnales","Pylaisiadelphaceae","bryophyte"
"Plantae","Bryophyta","Bryopsida","Hypnales","Rhytidiaceae","bryophyte"
"Plantae","Bryophyta","Bryopsida","Hypnales","Rigodiaceae","bryophyte"
"Plantae","Bryophyta","Bryopsida","Hypnales","Scorpidiaceae","bryophyte"
"Plantae","Bryophyta","Bryopsida","Hypnales","Sematophyllaceae","bryophyte"
"Plantae","Bryophyta","Bryopsida","Hypnales","Sorapillaceae","bryophyte"
"Plantae","Bryophyta","Bryopsida","Hypnales","Stereodontaceae","bryophyte"
"Plantae","Bryophyta","Bryopsida","Hypnales","Stereophyllaceae","bryophyte"
"Plantae","Bryophyta","Bryopsida","Hypnales","Taxiphyllaceae","bryophyte"
"Plantae","Bryophyta","Bryopsida","Hypnales","Theliaceae","bryophyte"
"Plantae","Bryophyta","Bryopsida","Hypnales","Thuidiaceae","bryophyte"
"Plantae","Bryophyta","Bryopsida","Hypnales","Trachylomataceae","bryophyte"
"Plantae","Bryophyta","Bryopsida","Hypnodendrales","Braithwaiteaceae","bryophyte"
"Plantae","Bryophyta","Bryopsida","Hypnodendrales","Hypnodendraceae","bryophyte"
"Plantae","Bryophyta","Bryopsida","Hypnodendrales","Pterobryellaceae","bryophyte"
"Plantae","Bryophyta","Bryopsida","Hypnodendrales","Racopilaceae","bryophyte"
"Plantae","Bryophyta","Bryopsida","Hypopterygiales","Hypopterygiaceae","bryophyte"
"Plantae","Bryophyta","Bryopsida","Isobryales","Cyrtopodaceae","bryophyte"
"Plantae","Bryophyta","Bryopsida","Isobryales","Lepyrodontaceae","bryophyte"
"Plantae","Bryophyta","Bryopsida","Isobryales","Phyllogoniaceae","bryophyte"
"Plantae","Bryophyta","Bryopsida","Isobryales","Prionodontaceae","bryophyte"
"Plantae","Bryophyta","Bryopsida","Isobryales","Ptychomniaceae","bryophyte"
"Plantae","Bryophyta","Bryopsida","Isobryales","Regmatodontaceae","bryophyte"
"Plantae","Bryophyta","Bryopsida","Isobryales","Rutenbergiaceae","bryophyte"
"Plantae","Bryophyta","Bryopsida","Isobryales","Trachypodaceae","bryophyte"
"Plantae","Bryophyta","Bryopsida","Isobryales","Wardiaceae","bryophyte"
"Plantae","Bryophyta","Bryopsida","Orthotrichales","Erpodiaceae","bryophyte"
"Plantae","Bryophyta","Bryopsida","Orthotrichales","Helicophyllaceae","bryophyte"
"Plantae","Bryophyta","Bryopsida","Orthotrichales","Orthotrichaceae","bryophyte"
"Plantae","Bryophyta","Bryopsida","Orthotrichales","Rhachitheciaceae","bryophyte"
"Plantae","Bryophyta","Bryopsida","Pottiales","Pleurophascaceae","bryophyte"
"Plantae","Bryophyta","Bryopsida","Pottiales","Pottiaceae","bryophyte"
"Plantae","Bryophyta","Bryopsida","Pottiales","Serpotortellaceae","bryophyte"
"Plantae","Bryophyta","Bryopsida","Rhizogoniales","Calomniaceae","bryophyte"
"Plantae","Bryophyta","Bryopsida","Rhizogoniales","Mitteniaceae","bryophyte"
"Plantae","Bryophyta","Bryopsida","Rhizogoniales","Rhizogoniaceae","bryophyte"
"Plantae","Bryophyta","Bryopsida","Rhizogoniales","Spiridentaceae","bryophyte"
"Plantae","Bryophyta","Bryopsida","Splachnales","Meesiaceae","bryophyte"
"Plantae","Bryophyta","Bryopsida","Splachnales","Splachnaceae","bryophyte"
"Plantae","Bryophyta","Bryopsida","Timmiales","Timmiaceae","bryophyte"
"Plantae","Bryophyta","Oedipodiopsida","Oedipodiales","Oedipodiaceae","bryophyte"
"Plantae","Bryophyta","Polytrichopsida","Polytrichales","Polytrichaceae","bryophyte"
"Plantae","Bryophyta","Sphagnopsida","Sphagnales","Ambuchananiaceae","bryophyte"
"Plantae","Bryophyta","Sphagnopsida","Sphagnales","Flatbergiaceae","bryophyte"
"Plantae","Bryophyta","Sphagnopsida","Sphagnales","Sphagnaceae","bryophyte"
"Plantae","Bryophyta","Takakiopsida","Takakiales","Takakiaceae","bryophyte"
"Plantae","Bryophyta","Tetraphidopsida","Tetraphidales","Tetraphidaceae","bryophyte"
"Plantae","Charophyta","Charophyceae","Charales","Characeae","green algae"
"Plantae","Charophyta","Charophyceae","Charales","Clavatoraceae","green algae"
"Plantae","Charophyta","Charophyceae","Charales","Porocharaceae","green algae"
"Plantae","Charophyta","Charophyceae","Moellerinales","Moellerinaceae","green algae"
"Plantae","Charophyta","Charophyceae","Sycidiales","Sycidiaceae","green algae"
"Plantae","Charophyta","Chlorokybophyceae","Chlorokybales","Chlorokybaceae","green algae"
"Plantae","Charophyta","Coleochaetophyceae","Chaetosphaeridiales","Chaetosphaeridiaceae","green algae"
"Plantae","Charophyta","Coleochaetophyceae","Coleochaetales","Coleochaetaceae","green algae"
"Plantae","Charophyta","Klebsormidiophyceae","Klebsormidiales","Elakatotrichaceae","green algae"
"Plantae","Charophyta","Klebsormidiophyceae","Klebsormidiales","Klebsormidiaceae","green algae"
"Plantae","Charophyta","Klebsormidiophyceae","Klebsormidiales","Stichococcaceae","green algae"
"Plantae","Charophyta","Mesostigmatophyceae","Mesostigmatales","Mesostigmataceae","green algae"
"Plantae","Charophyta","Zygnematophyceae","Zygnematales","Closteriaceae","green algae"
"Plantae","Charophyta","Zygnematophyceae","Zygnematales","Desmidiaceae","green algae"
"Plantae","Charophyta","Zygnematophyceae","Zygnematales","Gonatozygaceae","green algae"
"Plantae","Charophyta","Zygnematophyceae","Zygnematales","Mesotaeniaceae","green algae"
"Plantae","Charophyta","Zygnematophyceae","Zygnematales","Peniaceae","green algae"
"Plantae","Charophyta","Zygnematophyceae","Zygnematales","Zygnemataceae","green algae"
"Plantae","Chlorophyta","","Marsupiomonadales","Resultomonadaceae","green algae"
"Plantae","Chlorophyta","Chlorodendrophyceae","Chlorodendrales","Chlorodendraceae","green algae"
"Plantae","Chlorophyta","Chlorophyceae","Chaetopeltidales","Chaetopeltidaceae","green algae"
"Plantae","Chlorophyta","Chlorophyceae","Chaetophorales","Aphanochaetaceae","green algae"
"Plantae","Chlorophyta","Chlorophyceae","Chaetophorales","Chaetophoraceae","green algae"
"Plantae","Chlorophyta","Chlorophyceae","Chaetophorales","Schizomeridaceae","green algae"
"Plantae","Chlorophyta","Chlorophyceae","Chaetophorales","Uronemataceae","green algae"
"Plantae","Chlorophyta","Chlorophyceae","Chlamydomonadales","Actinochloridaceae","green algae"
"Plantae","Chlorophyta","Chlorophyceae","Chlamydomonadales","Chlamydomonadaceae","green algae"
"Plantae","Chlorophyta","Chlorophyceae","Chlamydomonadales","Chlorochytriaceae","green algae"
"Plantae","Chlorophyta","Chlorophyceae","Chlamydomonadales","Chlorococcaceae","green algae"
"Plantae","Chlorophyta","Chlorophyceae","Chlamydomonadales","Chlorosarcinaceae","green algae"
"Plantae","Chlorophyta","Chlorophyceae","Chlamydomonadales","Dunaliellaceae","green algae"
"Plantae","Chlorophyta","Chlorophyceae","Chlamydomonadales","Goniaceae","green algae"
"Plantae","Chlorophyta","Chlorophyceae","Chlamydomonadales","Haematococcaceae","green algae"
"Plantae","Chlorophyta","Chlorophyceae","Chlamydomonadales","Hypnomonadaceae","green algae"
"Plantae","Chlorophyta","Chlorophyceae","Chlamydomonadales","Palmellaceae","green algae"
"Plantae","Chlorophyta","Chlorophyceae","Chlamydomonadales","Palmellopsidaceae","green algae"
"Plantae","Chlorophyta","Chlorophyceae","Chlamydomonadales","Phacotaceae","green algae"
"Plantae","Chlorophyta","Chlorophyceae","Chlamydomonadales","Pleurastraceae","green algae"
"Plantae","Chlorophyta","Chlorophyceae","Chlamydomonadales","Protosiphonaceae","green algae"
"Plantae","Chlorophyta","Chlorophyceae","Chlamydomonadales","Scotiellocystoidaceae","green algae"
"Plantae","Chlorophyta","Chlorophyceae","Chlamydomonadales","Sphaerocystidaceae","green algae"
"Plantae","Chlorophyta","Chlorophyceae","Chlamydomonadales","Sphaerodictyaceae","green algae"
"Plantae","Chlorophyta","Chlorophyceae","Chlamydomonadales","Spondylomoraceae","green algae"
"Plantae","Chlorophyta","Chlorophyceae","Chlamydomonadales","Tetrabaenaceae","green algae"
"Plantae","Chlorophyta","Chlorophyceae","Chlamydomonadales","Volvocaceae","green algae"
"Plantae","Chlorophyta","Chlorophyceae","Dunaliellales","Asteromonadaceae","green algae"
"Plantae","Chlorophyta","Chlorophyceae","Oedogoniales","Oedogoniaceae","green algae"
"Plantae","Chlorophyta","Chlorophyceae","Receptaculitales","Receptaculitaceae","green algae"
"Plantae","Chlorophyta","Chlorophyceae","Sphaeropleales","Bracteacoccaceae","green algae"
"Plantae","Chlorophyta","Chlorophyceae","Sphaeropleales","Characiaceae","green algae"
"Plantae","Chlorophyta","Chlorophyceae","Sphaeropleales","Cylindrocapsaceae","green algae"
"Plantae","Chlorophyta","Chlorophyceae","Sphaeropleales","Dictyochloridaceae","green algae"
"Plantae","Chlorophyta","Chlorophyceae","Sphaeropleales","Hydrodictyaceae","green algae"
"Plantae","Chlorophyta","Chlorophyceae","Sphaeropleales","Microsporaceae","green algae"
"Plantae","Chlorophyta","Chlorophyceae","Sphaeropleales","Neochloridaceae","green algae"
"Plantae","Chlorophyta","Chlorophyceae","Sphaeropleales","Pseudomuriellaceae","green algae"
"Plantae","Chlorophyta","Chlorophyceae","Sphaeropleales","Radiococcaceae","green algae"
"Plantae","Chlorophyta","Chlorophyceae","Sphaeropleales","Rotundellaceae","green algae"
"Plantae","Chlorophyta","Chlorophyceae","Sphaeropleales","Scenedesmaceae","green algae"
"Plantae","Chlorophyta","Chlorophyceae","Sphaeropleales","Schroederiaceae","green algae"
"Plantae","Chlorophyta","Chlorophyceae","Sphaeropleales","Selenastraceae","green algae"
"Plantae","Chlorophyta","Chlorophyceae","Sphaeropleales","Sphaeropleaceae","green algae"
"Plantae","Chlorophyta","Chlorophyceae","Sphaeropleales","Treubariaceae","green algae"
"Plantae","Chlorophyta","Chlorophyceae","Tetrasporales","Chlorangiellaceae","green algae"
"Plantae","Chlorophyta","Chlorophyceae","Tetrasporales","Gloeocystaceae","green algae"
"Plantae","Chlorophyta","Chlorophyceae","Tetrasporales","Tetrasporaceae","green algae"
"Plantae","Chlorophyta","Chloropicophyceae","Chloropicales","Chloropicaceae","green algae"
"Plantae","Chlorophyta","Mamiellophyceae","Dolichomastigales","Crustomastigaceae","green algae"
"Plantae","Chlorophyta","Mamiellophyceae","Dolichomastigales","Dolichomastigaceae","green algae"
"Plantae","Chlorophyta","Mamiellophyceae","Mamiellales","Bathycoccaceae","green algae"
"Plantae","Chlorophyta","Mamiellophyceae","Mamiellales","Mamiellaceae","green algae"
"Plantae","Chlorophyta","Nephroselmidophyceae","Nephroselmidales","Nephroselmidaceae","green algae"
"Plantae","Chlorophyta","Palmophyllophyceae","Palmophyllales","Palmophyllaceae","green algae"
"Plantae","Chlorophyta","Pedinophyceae","Pedinomonadales","Pedinomonadaceae","green algae"
"Plantae","Chlorophyta","Picocystophyceae","Picocystales","Picocystaceae","green algae"
"Plantae","Chlorophyta","Prasinophyceae","Pseudoscourfieldiales","Pycnococcaceae","green algae"
"Plantae","Chlorophyta","Pyramimonadophyceae","Pyramimonadales","Halosphaeraceae","green algae"
"Plantae","Chlorophyta","Pyramimonadophyceae","Pyramimonadales","Polyblepharidaceae","green algae"
"Plantae","Chlorophyta","Pyramimonadophyceae","Pyramimonadales","Pterospermataceae","green algae"
"Plantae","Chlorophyta","Pyramimonadophyceae","Pyramimonadales","Pyramimonadaceae","green algae"
"Plantae","Chlorophyta","Trebouxiophyceae","","Coccomyxaceae","green algae"
"Plantae","Chlorophyta","Trebouxiophyceae","","Dictyosphaeriaceae","green algae"
"Plantae","Chlorophyta","Trebouxiophyceae","Chlorellales","Chlorellaceae","green algae"
"Plantae","Chlorophyta","Trebouxiophyceae","Chlorellales","Leptosiraceae","green algae"
"Plantae","Chlorophyta","Trebouxiophyceae","Chlorellales","Oocystaceae","green algae"
"Plantae","Chlorophyta","Trebouxiophyceae","Microthamniales","Microthamniaceae","green algae"
"Plantae","Chlorophyta","Trebouxiophyceae","Phyllosiphonales","Phyllosiphonaceae","green algae"
"Plantae","Chlorophyta","Trebouxiophyceae","Prasiolales","Koliellaceae","green algae"
"Plantae","Chlorophyta","Trebouxiophyceae","Prasiolales","Prasiolaceae","green algae"
"Plantae","Chlorophyta","Trebouxiophyceae","Trebouxiales","Botryococcaceae","green algae"
"Plantae","Chlorophyta","Trebouxiophyceae","Trebouxiales","Trebouxiaceae","green algae"
"Plantae","Chlorophyta","Ulvophyceae","Bryopsidales","Anchicodiaceae","green algae"
"Plantae","Chlorophyta","Ulvophyceae","Bryopsidales","Bryopsidaceae","green algae"
"Plantae","Chlorophyta","Ulvophyceae","Bryopsidales","Caulerpaceae","green algae"
"Plantae","Chlorophyta","Ulvophyceae","Bryopsidales","Chaetosiphonaceae","green algae"
"Plantae","Chlorophyta","Ulvophyceae","Bryopsidales","Codiaceae","green algae"
"Plantae","Chlorophyta","Ulvophyceae","Bryopsidales","Derbesiaceae","green algae"
"Plantae","Chlorophyta","Ulvophyceae","Bryopsidales","Dichotomosiphonaceae","green algae"
"Plantae","Chlorophyta","Ulvophyceae","Bryopsidales","Halimedaceae","green algae"
"Plantae","Chlorophyta","Ulvophyceae","Bryopsidales","Ostreobiaceae","green algae"
"Plantae","Chlorophyta","Ulvophyceae","Bryopsidales","Pseudocodiaceae","green algae"
"Plantae","Chlorophyta","Ulvophyceae","Bryopsidales","Rhipiliaceae","green algae"
"Plantae","Chlorophyta","Ulvophyceae","Bryopsidales","Udoteaceae","green algae"
"Plantae","Chlorophyta","Ulvophyceae","Chlorocystidales","Chlorocystidaceae","green algae"
"Plantae","Chlorophyta","Ulvophyceae","Cladophorales","Anadyomenaceae","green algae"
"Plantae","Chlorophyta","Ulvophyceae","Cladophorales","Boodleaceae","green algae"
"Plantae","Chlorophyta","Ulvophyceae","Cladophorales","Cladophoraceae","green algae"
"Plantae","Chlorophyta","Ulvophyceae","Cladophorales","Okellyaceae","green algae"
"Plantae","Chlorophyta","Ulvophyceae","Cladophorales","Pithophoraceae","green algae"
"Plantae","Chlorophyta","Ulvophyceae","Cladophorales","Siphonocladaceae","green algae"
"Plantae","Chlorophyta","Ulvophyceae","Cladophorales","Valoniaceae","green algae"
"Plantae","Chlorophyta","Ulvophyceae","Codiolales","Acrosiphoniaceae","green algae"
"Plantae","Chlorophyta","Ulvophyceae","Dasycladales","Dasycladaceae","green algae"
"Plantae","Chlorophyta","Ulvophyceae","Dasycladales","Diploporaceae","green algae"
"Plantae","Chlorophyta","Ulvophyceae","Dasycladales","Polyphysaceae","green algae"
"Plantae","Chlorophyta","Ulvophyceae","Dasycladales","Receptaculitidae","green algae"
"Plantae","Chlorophyta","Ulvophyceae","Dasycladales","Triploporellaceae","green algae"
"Plantae","Chlorophyta","Ulvophyceae","Oltmannsiellopsidales","Oltmannsiellopsidaceae","green algae"
"Plantae","Chlorophyta","Ulvophyceae","Scotinosphaerales","Scotinosphaeraceae","green algae"
"Plantae","Chlorophyta","Ulvophyceae","Trentepohliales","Trentepohliaceae","green algae"
"Plantae","Chlorophyta","Ulvophyceae","Ulotrichales","Binucleariaceae","green algae"
"Plantae","Chlorophyta","Ulvophyceae","Ulotrichales","Gomontiaceae","green algae"
"Plantae","Chlorophyta","Ulvophyceae","Ulotrichales","Monostromataceae","green algae"
"Plantae","Chlorophyta","Ulvophyceae","Ulotrichales","Sarcinofilaceae","green algae"
"Plantae","Chlorophyta","Ulvophyceae","Ulotrichales","Ulotrichaceae","green algae"
"Plantae","Chlorophyta","Ulvophyceae","Ulvales","Bolbocoleonaceae","green algae"
"Plantae","Chlorophyta","Ulvophyceae","Ulvales","Cloniophoraceae","green algae"
"Plantae","Chlorophyta","Ulvophyceae","Ulvales","Ctenocladaceae","green algae"
"Plantae","Chlorophyta","Ulvophyceae","Ulvales","Gayraliaceae","green algae"
"Plantae","Chlorophyta","Ulvophyceae","Ulvales","Kornmanniaceae","green algae"
"Plantae","Chlorophyta","Ulvophyceae","Ulvales","Phaeophilaceae","green algae"
"Plantae","Chlorophyta","Ulvophyceae","Ulvales","Ulvaceae","green algae"
"Plantae","Chlorophyta","Ulvophyceae","Ulvales","Ulvellaceae","green algae"
"Plantae","Marchantiophyta","Haplomitriopsida","Calobryales","Haplomitriaceae","bryophyte"
"Plantae","Marchantiophyta","Haplomitriopsida","Treubiales","Treubiaceae","bryophyte"
"Plantae","Marchantiophyta","Jungermanniopsida","Fossombroniales","Allisoniaceae","bryophyte"
"Plantae","Marchantiophyta","Jungermanniopsida","Fossombroniales","Calyculariaceae","bryophyte"
"Plantae","Marchantiophyta","Jungermanniopsida","Fossombroniales","Fossombroniaceae","bryophyte"
"Plantae","Marchantiophyta","Jungermanniopsida","Fossombroniales","Petalophyllaceae","bryophyte"
"Plantae","Marchantiophyta","Jungermanniopsida","Jungermanniales","Acrobolbaceae","bryophyte"
"Plantae","Marchantiophyta","Jungermanniopsida","Jungermanniales","Adelanthaceae","bryophyte"
"Plantae","Marchantiophyta","Jungermanniopsida","Jungermanniales","Anastrophyllaceae","bryophyte"
"Plantae","Marchantiophyta","Jungermanniopsida","Jungermanniales","Antheliaceae","bryophyte"
"Plantae","Marchantiophyta","Jungermanniopsida","Jungermanniales","Arnelliaceae","bryophyte"
"Plantae","Marchantiophyta","Jungermanniopsida","Jungermanniales","Balantiopsidaceae","bryophyte"
"Plantae","Marchantiophyta","Jungermanniopsida","Jungermanniales","Blepharostomataceae","bryophyte"
"Plantae","Marchantiophyta","Jungermanniopsida","Jungermanniales","Brevianthaceae","bryophyte"
"Plantae","Marchantiophyta","Jungermanniopsida","Jungermanniales","Calypogeiaceae","bryophyte"
"Plantae","Marchantiophyta","Jungermanniopsida","Jungermanniales","Cephaloziaceae","bryophyte"
"Plantae","Marchantiophyta","Jungermanniopsida","Jungermanniales","Cephaloziellaceae","bryophyte"
"Plantae","Marchantiophyta","Jungermanniopsida","Jungermanniales","Chaetophyllopsidaceae","bryophyte"
"Plantae","Marchantiophyta","Jungermanniopsida","Jungermanniales","Chonecoleaceae","bryophyte"
"Plantae","Marchantiophyta","Jungermanniopsida","Jungermanniales","Diettertiaceae","bryophyte"
"Plantae","Marchantiophyta","Jungermanniopsida","Jungermanniales","Endogemmataceae","bryophyte"
"Plantae","Marchantiophyta","Jungermanniopsida","Jungermanniales","Geocalycaceae","bryophyte"
"Plantae","Marchantiophyta","Jungermanniopsida","Jungermanniales","Grolleaceae","bryophyte"
"Plantae","Marchantiophyta","Jungermanniopsida","Jungermanniales","Gymnomitriaceae","bryophyte"
"Plantae","Marchantiophyta","Jungermanniopsida","Jungermanniales","Gyrothyraceae","bryophyte"
"Plantae","Marchantiophyta","Jungermanniopsida","Jungermanniales","Harpanthaceae","bryophyte"
"Plantae","Marchantiophyta","Jungermanniopsida","Jungermanniales","Herbertaceae","bryophyte"
"Plantae","Marchantiophyta","Jungermanniopsida","Jungermanniales","Hygrobiellaceae","bryophyte"
"Plantae","Marchantiophyta","Jungermanniopsida","Jungermanniales","Jackiellaceae","bryophyte"
"Plantae","Marchantiophyta","Jungermanniopsida","Jungermanniales","Jungermanniaceae","bryophyte"
"Plantae","Marchantiophyta","Jungermanniopsida","Jungermanniales","Lepicoleaceae","bryophyte"
"Plantae","Marchantiophyta","Jungermanniopsida","Jungermanniales","Lepidoziaceae","bryophyte"
"Plantae","Marchantiophyta","Jungermanniopsida","Jungermanniales","Lophocoleaceae","bryophyte"
"Plantae","Marchantiophyta","Jungermanniopsida","Jungermanniales","Lophoziaceae","bryophyte"
"Plantae","Marchantiophyta","Jungermanniopsida","Jungermanniales","Mastigophoraceae","bryophyte"
"Plantae","Marchantiophyta","Jungermanniopsida","Jungermanniales","Myliaceae","bryophyte"
"Plantae","Marchantiophyta","Jungermanniopsida","Jungermanniales","Notoscyphaceae","bryophyte"
"Plantae","Marchantiophyta","Jungermanniopsida","Jungermanniales","Obtusifoliaceae","bryophyte"
"Plantae","Marchantiophyta","Jungermanniopsida","Jungermanniales","Phycolepidoziaceae","bryophyte"
"Plantae","Marchantiophyta","Jungermanniopsida","Jungermanniales","Plagiochilaceae","bryophyte"
"Plantae","Marchantiophyta","Jungermanniopsida","Jungermanniales","Pseudolepicoleaceae","bryophyte"
"Plantae","Marchantiophyta","Jungermanniopsida","Jungermanniales","Saccogynaceae","bryophyte"
"Plantae","Marchantiophyta","Jungermanniopsida","Jungermanniales","Scapaniaceae","bryophyte"
"Plantae","Marchantiophyta","Jungermanniopsida","Jungermanniales","Schistochilaceae","bryophyte"
"Plantae","Marchantiophyta","Jungermanniopsida","Jungermanniales","Solenostomataceae","bryophyte"
"Plantae","Marchantiophyta","Jungermanniopsida","Jungermanniales","Stephaniellaceae","bryophyte"
"Plantae","Marchantiophyta","Jungermanniopsida","Jungermanniales","Trichocoleaceae","bryophyte"
"Plantae","Marchantiophyta","Jungermanniopsida","Jungermanniales","Trichotemnomataceae","bryophyte"
"Plantae","Marchantiophyta","Jungermanniopsida","Jungermanniales","Vetaformataceae","bryophyte"
"Plantae","Marchantiophyta","Jungermanniopsida","Metzgeriales","Aneuraceae","bryophyte"
"Plantae","Marchantiophyta","Jungermanniopsida","Metzgeriales","Makinoaceae","bryophyte"
"Plantae","Marchantiophyta","Jungermanniopsida","Metzgeriales","Metzgeriaceae","bryophyte"
"Plantae","Marchantiophyta","Jungermanniopsida","Pallaviciniales","Hymenophytaceae","bryophyte"
"Plantae","Marchantiophyta","Jungermanniopsida","Pallaviciniales","Moerckiaceae","bryophyte"
"Plantae","Marchantiophyta","Jungermanniopsida","Pallaviciniales","Pallaviciniaceae","bryophyte"
"Plantae","Marchantiophyta","Jungermanniopsida","Pallaviciniales","Phyllothalliaceae","bryophyte"
"Plantae","Marchantiophyta","Jungermanniopsida","Pallaviciniales","Pseudomoerckiaceae","bryophyte"
"Plantae","Marchantiophyta","Jungermanniopsida","Pallaviciniales","Sandeothallaceae","bryophyte"
"Plantae","Marchantiophyta","Jungermanniopsida","Pelliales","Pelliaceae","bryophyte"
"Plantae","Marchantiophyta","Jungermanniopsida","Pleuroziales","Pleuroziaceae","bryophyte"
"Plantae","Marchantiophyta","Jungermanniopsida","Porellales","Frullaniaceae","bryophyte"
"Plantae","Marchantiophyta","Jungermanniopsida","Porellales","Goebeliellaceae","bryophyte"
"Plantae","Marchantiophyta","Jungermanniopsida","Porellales","Jubulaceae","bryophyte"
"Plantae","Marchantiophyta","Jungermanniopsida","Porellales","Lejeuneaceae","bryophyte"
"Plantae","Marchantiophyta","Jungermanniopsida","Porellales","Lepidolaenaceae","bryophyte"
"Plantae","Marchantiophyta","Jungermanniopsida","Porellales","Porellaceae","bryophyte"
"Plantae","Marchantiophyta","Jungermanniopsida","Porellales","Radulaceae","bryophyte"
"Plantae","Marchantiophyta","Jungermanniopsida","Ptilidiales","Herzogianthaceae","bryophyte"
"Plantae","Marchantiophyta","Jungermanniopsida","Ptilidiales","Neotrichocoleaceae","bryophyte"
"Plantae","Marchantiophyta","Jungermanniopsida","Ptilidiales","Ptilidiaceae","bryophyte"
"Plantae","Marchantiophyta","Marchantiopsida","Blasiales","Blasiaceae","bryophyte"
"Plantae","Marchantiophyta","Marchantiopsida","Lunulariales","Lunulariaceae","bryophyte"
"Plantae","Marchantiophyta","Marchantiopsida","Marchantiales","Aytoniaceae","bryophyte"
"Plantae","Marchantiophyta","Marchantiopsida","Marchantiales","Cleveaceae","bryophyte"
"Plantae","Marchantiophyta","Marchantiopsida","Marchantiales","Conocephalaceae","bryophyte"
"Plantae","Marchantiophyta","Marchantiopsida","Marchantiales","Corsiniaceae","bryophyte"
"Plantae","Marchantiophyta","Marchantiopsida","Marchantiales","Dumortieraceae","bryophyte"
"Plantae","Marchantiophyta","Marchantiopsida","Marchantiales","Exormothecaceae","bryophyte"
"Plantae","Marchantiophyta","Marchantiopsida","Marchantiales","Marchantiaceae","bryophyte"
"Plantae","Marchantiophyta","Marchantiopsida","Marchantiales","Monocleaceae","bryophyte"
"Plantae","Marchantiophyta","Marchantiopsida","Marchantiales","Monosoleniaceae","bryophyte"
"Plantae","Marchantiophyta","Marchantiopsida","Marchantiales","Oxymitraceae","bryophyte"
"Plantae","Marchantiophyta","Marchantiopsida","Marchantiales","Ricciaceae","bryophyte"
"Plantae","Marchantiophyta","Marchantiopsida","Marchantiales","Targioniaceae","bryophyte"
"Plantae","Marchantiophyta","Marchantiopsida","Marchantiales","Wiesnerellaceae","bryophyte"
"Plantae","Marchantiophyta","Marchantiopsida","Neohodgsoniales","Neohodgsoniaceae","bryophyte"
"Plantae","Marchantiophyta","Marchantiopsida","Sphaerocarpales","Monocarpaceae","bryophyte"
"Plantae","Marchantiophyta","Marchantiopsida","Sphaerocarpales","Riellaceae","bryophyte"
"Plantae","Marchantiophyta","Marchantiopsida","Sphaerocarpales","Sphaerocarpaceae","bryophyte"
"Plantae","Rhodophyta","Bangiophyceae","Bangiales","Bangiaceae","red algae"
"Plantae","Rhodophyta","Compsopogonophyceae","Compsopogonales","Boldiaceae","red algae"
"Plantae","Rhodophyta","Compsopogonophyceae","Compsopogonales","Compsopogonaceae","red algae"
"Plantae","Rhodophyta","Compsopogonophyceae","Erythropeltales","Erythrotrichiaceae","red algae"
"Plantae","Rhodophyta","Compsopogonophyceae","Rhodochaetales","Rhodochaetaceae","red algae"
"Plantae","Rhodophyta","Cyanidiophyceae","Cyanidiales","Cyanidiaceae","red algae"
"Plantae","Rhodophyta","Florideophyceae","Acrochaetiales","Acrochaetiaceae","red algae"
"Plantae","Rhodophyta","Florideophyceae","Acrochaetiales","Audouinellaceae","red algae"
"Plantae","Rhodophyta","Florideophyceae","Acrochaetiales","Rhodochortonaceae","red algae"
"Plantae","Rhodophyta","Florideophyceae","Acrosymphytales","Acrosymphytaceae","red algae"
"Plantae","Rhodophyta","Florideophyceae","Acrosymphytales","Schimmelmanniaceae","red algae"
"Plantae","Rhodophyta","Florideophyceae","Ahnfeltiales","Ahnfeltiaceae","red algae"
"Plantae","Rhodophyta","Florideophyceae","Atractophorales","Atractophoraceae","red algae"
"Plantae","Rhodophyta","Florideophyceae","Balliales","Balliaceae","red algae"
"Plantae","Rhodophyta","Florideophyceae","Batrachospermales","Batrachospermaceae","red algae"
"Plantae","Rhodophyta","Florideophyceae","Batrachospermales","Lemaneaceae","red algae"
"Plantae","Rhodophyta","Florideophyceae","Bonnemaisoniales","Bonnemaisoniaceae","red algae"
"Plantae","Rhodophyta","Florideophyceae","Bonnemaisoniales","Naccariaceae","red algae"
"Plantae","Rhodophyta","Florideophyceae","Ceramiales","Callithamniaceae","red algae"
"Plantae","Rhodophyta","Florideophyceae","Ceramiales","Ceramiaceae","red algae"
"Plantae","Rhodophyta","Florideophyceae","Ceramiales","Dasyaceae","red algae"
"Plantae","Rhodophyta","Florideophyceae","Ceramiales","Delesseriaceae","red algae"
"Plantae","Rhodophyta","Florideophyceae","Ceramiales","Rhodomelaceae","red algae"
"Plantae","Rhodophyta","Florideophyceae","Ceramiales","Sarcomeniaceae","red algae"
"Plantae","Rhodophyta","Florideophyceae","Ceramiales","Wrangeliaceae","red algae"
"Plantae","Rhodophyta","Florideophyceae","Colaconematales","Colaconemataceae","red algae"
"Plantae","Rhodophyta","Florideophyceae","Corallinales","Archaeolithophyllaceae","red algae"
"Plantae","Rhodophyta","Florideophyceae","Corallinales","Corallinaceae","red algae"
"Plantae","Rhodophyta","Florideophyceae","Corallinales","Craticulaceae","red algae"
"Plantae","Rhodophyta","Florideophyceae","Corallinales","Hydrolithaceae","red algae"
"Plantae","Rhodophyta","Florideophyceae","Corallinales","Lithophyllaceae","red algae"
"Plantae","Rhodophyta","Florideophyceae","Corallinales","Mastophoraceae","red algae"
"Plantae","Rhodophyta","Florideophyceae","Corallinales","Mesophyllumaceae","red algae"
"Plantae","Rhodophyta","Florideophyceae","Corallinales","Porolithaceae","red algae"
"Plantae","Rhodophyta","Florideophyceae","Corallinales","Spongitidaceae","red algae"
"Plantae","Rhodophyta","Florideophyceae","Gelidiales","Gelidiaceae","red algae"
"Plantae","Rhodophyta","Florideophyceae","Gelidiales","Gelidiellaceae","red algae"
"Plantae","Rhodophyta","Florideophyceae","Gelidiales","Pterocladiaceae","red algae"
"Plantae","Rhodophyta","Florideophyceae","Gigartinales","Areschougiaceae","red algae"
"Plantae","Rhodophyta","Florideophyceae","Gigartinales","Blinksiaceae","red algae"
"Plantae","Rhodophyta","Florideophyceae","Gigartinales","Caulacanthaceae","red algae"
"Plantae","Rhodophyta","Florideophyceae","Gigartinales","Chondrymeniaceae","red algae"
"Plantae","Rhodophyta","Florideophyceae","Gigartinales","Crossocarpaceae","red algae"
"Plantae","Rhodophyta","Florideophyceae","Gigartinales","Cruoriaceae","red algae"
"Plantae","Rhodophyta","Florideophyceae","Gigartinales","Cystocloniaceae","red algae"
"Plantae","Rhodophyta","Florideophyceae","Gigartinales","Dicranemataceae","red algae"
"Plantae","Rhodophyta","Florideophyceae","Gigartinales","Dumontiaceae","red algae"
"Plantae","Rhodophyta","Florideophyceae","Gigartinales","Endocladiaceae","red algae"
"Plantae","Rhodophyta","Florideophyceae","Gigartinales","Etheliaceae","red algae"
"Plantae","Rhodophyta","Florideophyceae","Gigartinales","Furcellariaceae","red algae"
"Plantae","Rhodophyta","Florideophyceae","Gigartinales","Gigartinaceae","red algae"
"Plantae","Rhodophyta","Florideophyceae","Gigartinales","Gloiosiphoniaceae","red algae"
"Plantae","Rhodophyta","Florideophyceae","Gigartinales","Haemeschariaceae","red algae"
"Plantae","Rhodophyta","Florideophyceae","Gigartinales","Kallymeniaceae","red algae"
"Plantae","Rhodophyta","Florideophyceae","Gigartinales","Phacelocarpaceae","red algae"
"Plantae","Rhodophyta","Florideophyceae","Gigartinales","Phyllophoraceae","red algae"
"Plantae","Rhodophyta","Florideophyceae","Gigartinales","Placentophoraceae","red algae"
"Plantae","Rhodophyta","Florideophyceae","Gigartinales","Polyidaceae","red algae"
"Plantae","Rhodophyta","Florideophyceae","Gigartinales","Rhizophyllidaceae","red algae"
"Plantae","Rhodophyta","Florideophyceae","Gigartinales","Solieriaceae","red algae"
"Plantae","Rhodophyta","Florideophyceae","Gigartinales","Sphaerococcaceae","red algae"
"Plantae","Rhodophyta","Florideophyceae","Gracilariales","Gracilariaceae","red algae"
"Plantae","Rhodophyta","Florideophyceae","Gracilariales","Pterocladiophilaceae","red algae"
"Plantae","Rhodophyta","Florideophyceae","Halymeniales","Grateloupiaceae","red algae"
"Plantae","Rhodophyta","Florideophyceae","Halymeniales","Halymeniaceae","red algae"
"Plantae","Rhodophyta","Florideophyceae","Halymeniales","Tsengiaceae","red algae"
"Plantae","Rhodophyta","Florideophyceae","Hapalidiales","Hapalidiaceae","red algae"
"Plantae","Rhodophyta","Florideophyceae","Hildenbrandiales","Hildenbrandiaceae","red algae"
"Plantae","Rhodophyta","Florideophyceae","Nemaliales","Galaxauraceae","red algae"
"Plantae","Rhodophyta","Florideophyceae","Nemaliales","Liagoraceae","red algae"
"Plantae","Rhodophyta","Florideophyceae","Nemaliales","Nemaliaceae","red algae"
"Plantae","Rhodophyta","Florideophyceae","Nemaliales","Scinaiaceae","red algae"
"Plantae","Rhodophyta","Florideophyceae","Nemaliales","Yamadaellaceae","red algae"
"Plantae","Rhodophyta","Florideophyceae","Nemastomatales","Nemastomataceae","red algae"
"Plantae","Rhodophyta","Florideophyceae","Nemastomatales","Schizymeniaceae","red algae"
"Plantae","Rhodophyta","Florideophyceae","Palmariales","Meiodiscaceae","red algae"
"Plantae","Rhodophyta","Florideophyceae","Palmariales","Palmariaceae","red algae"
"Plantae","Rhodophyta","Florideophyceae","Palmariales","Rhodophysemataceae","red algae"
"Plantae","Rhodophyta","Florideophyceae","Palmariales","Rhodothamniellaceae","red algae"
"Plantae","Rhodophyta","Florideophyceae","Peyssonneliales","Peyssonneliaceae","red algae"
"Plantae","Rhodophyta","Florideophyceae","Plocamiales","Plocamiaceae","red algae"
"Plantae","Rhodophyta","Florideophyceae","Plocamiales","Sarcodiaceae","red algae"
"Plantae","Rhodophyta","Florideophyceae","Rhodachlyales","Rhodachlyaceae","red algae"
"Plantae","Rhodophyta","Florideophyceae","Rhodogorgonales","Rhodogorgonaceae","red algae"
"Plantae","Rhodophyta","Florideophyceae","Rhodymeniales","Champiaceae","red algae"
"Plantae","Rhodophyta","Florideophyceae","Rhodymeniales","Faucheaceae","red algae"
"Plantae","Rhodophyta","Florideophyceae","Rhodymeniales","Fryeellaceae","red algae"
"Plantae","Rhodophyta","Florideophyceae","Rhodymeniales","Hymenocladiaceae","red algae"
"Plantae","Rhodophyta","Florideophyceae","Rhodymeniales","Lomentariaceae","red algae"
"Plantae","Rhodophyta","Florideophyceae","Rhodymeniales","Rhodymeniaceae","red algae"
"Plantae","Rhodophyta","Florideophyceae","Sebdeniales","Sebdeniaceae","red algae"
"Plantae","Rhodophyta","Florideophyceae","Sporolithales","Sporolithaceae","red algae"
"Plantae","Rhodophyta","Florideophyceae","Thoreales","Thoreaceae","red algae"
"Plantae","Rhodophyta","Porphyridiophyceae","Porphyridiales","Porphyridiaceae","red algae"
"Plantae","Rhodophyta","Rhodellophyceae","Dixoniellales","Dixoniellaceae","red algae"
"Plantae","Rhodophyta","Rhodellophyceae","Glaucosphaerales","Glaucosphaeraceae","red algae"
"Plantae","Rhodophyta","Rhodellophyceae","Rhodellales","Rhodellaceae","red algae"
"Plantae","Rhodophyta","Stylonematophyceae","Stylonematales","Phragmonemataceae","red algae"
"Plantae","Rhodophyta","Stylonematophyceae","Stylonematales","Stylonemataceae","red algae"
